[TASKS_001]
ocr_ds, dataset = datasets/aocr_mix100/ocr/ocropus, metric = duration, out_dir = selfie/results/sim_set_001/sim_set_001001/ocr_ds
reg_expr_ds, fulltext_dir = selfie/results/sim_set_001/sim_set_001001/ocr_ds, regexp_file = datasets/aocr_mix100/reg_exp/ocropus/reg_expr.tsv, metric = duration, output_dir = selfie/results/sim_set_001/sim_set_001001/reg_expr_ds
crowd_event_date_ds, specimens = selfie/results/sim_set_001/sim_set_001001/reg_expr_ds/rejected/rejected.tsv, crowd_data = datasets/aocr_mix100/crowd/terms/event_date.tsv, metric = duration, output_file = selfie/results/sim_set_001/sim_set_001001/crowd_event_date_ds/crowd_event_date.tsv
consensus_ds, crowd_file = selfie/results/sim_set_001/sim_set_001001/crowd_event_date_ds/crowd_event_date.tsv, consensus_file = datasets/aocr_mix100/consensus/accepted.tsv, metric = duration, output_dir = selfie/results/sim_set_001/sim_set_001001/consensus_ds

[TASKS_002]
ocr_ds, dataset = datasets/aocr_mix100/ocr/ocropus, metric = duration, out_dir = selfie/results/sim_set_001/sim_set_001002/ocr_ds
reg_expr_ds, fulltext_dir = selfie/results/sim_set_001/sim_set_001002/ocr_ds, regexp_file = datasets/aocr_mix100/reg_exp/ocropus/reg_expr.tsv, metric = duration, output_dir = selfie/results/sim_set_001/sim_set_001002/reg_expr_ds
crowd_event_date_ds, specimens = selfie/results/sim_set_001/sim_set_001002/reg_expr_ds/rejected/rejected.tsv, crowd_data = datasets/aocr_mix100/crowd/terms/event_date.tsv, metric = duration, output_file = selfie/results/sim_set_001/sim_set_001002/crowd_event_date_ds/crowd_event_date.tsv
consensus_ds, crowd_file = selfie/results/sim_set_001/sim_set_001002/crowd_event_date_ds/crowd_event_date.tsv, consensus_file = datasets/aocr_mix100/consensus/accepted.tsv, metric = duration, output_dir = selfie/results/sim_set_001/sim_set_001002/consensus_ds

[TASKS_003]
ocr_ds, dataset = datasets/aocr_mix100/ocr/ocropus, metric = duration, out_dir = selfie/results/sim_set_001/sim_set_001003/ocr_ds
reg_expr_ds, fulltext_dir = selfie/results/sim_set_001/sim_set_001003/ocr_ds, regexp_file = datasets/aocr_mix100/reg_exp/ocropus/reg_expr.tsv, metric = duration, output_dir = selfie/results/sim_set_001/sim_set_001003/reg_expr_ds
crowd_event_date_ds, specimens = selfie/results/sim_set_001/sim_set_001003/reg_expr_ds/rejected/rejected.tsv, crowd_data = datasets/aocr_mix100/crowd/terms/event_date.tsv, metric = duration, output_file = selfie/results/sim_set_001/sim_set_001003/crowd_event_date_ds/crowd_event_date.tsv
consensus_ds, crowd_file = selfie/results/sim_set_001/sim_set_001003/crowd_event_date_ds/crowd_event_date.tsv, consensus_file = datasets/aocr_mix100/consensus/accepted.tsv, metric = duration, output_dir = selfie/results/sim_set_001/sim_set_001003/consensus_ds

[METRICS_001]   /results/event_date_001/  -> /results/sim_set_001/TASKS_001/
duration_event_date.py, mf = selfie/results/event_date_001/ocr_ds/metrics/duration.csv, mf = selfie/results/event_date_001/reg_expr_ds/accepted/metrics/duration.csv, mf = selfie/results/event_date_001/reg_expr_ds/rejected/metrics/duration.csv, mf = selfie/results/event_date_001/crowd_event_date_ds/metrics/duration.csv, mf = selfie/results/event_date_001/consensus_ds/accepted/metrics/duration.csv, mf = selfie/results/event_date_001/consensus_ds/rejected/metrics/duration.csv, output_file = selfie/results/event_date_001/duration.csv
quality_event_date.py, accepted_file = selfie/results/event_date_001/reg_expr_ds/accepted/accepted.tsv, accepted_file = selfie/results/event_date_001/consensus_ds/accepted/accepted.tsv, ground_truth = datasets/aocr_mix100/gtruth/terms/dwc_eventDate.tsv, output_file = selfie/results/event_date_001/quality.csv

[POST-PROCESSING_001]
python3 ./post-processing/box_whisker_plot.py -f /home/ialzuru/Summer2019/HuMaIN_Simulator/selfie/results/event_date_001/quality.csv -f /home/ialzuru/Summer2019/HuMaIN_Simulator/selfie/results/event_date_002/quality.csv -f /home/ialzuru/Summer2019/HuMaIN_Simulator/selfie/results/event_date_003/quality.csv -o /home/ialzuru/Summer2019/HuMaIN_Simulator/selfie/results/baw_quality.png
python3 ./post-processing/box_whisker_plot.py -f /home/ialzuru/Summer2019/HuMaIN_Simulator/selfie/results/event_date_001/duration.csv -f /home/ialzuru/Summer2019/HuMaIN_Simulator/selfie/results/event_date_002/duration.csv -f /home/ialzuru/Summer2019/HuMaIN_Simulator/selfie/results/event_date_003/duration.csv -o /home/ialzuru/Summer2019/HuMaIN_Simulator/selfie/results/baw_duration.png
python3 ./post-processing/comparison_bar_graph.py -f /home/ialzuru/Summer2019/HuMaIN_Simulator/selfie/results/event_date_001/quality.csv -f /home/ialzuru/Summer2019/HuMaIN_Simulator/selfie/results/event_date_002/quality.csv -f /home/ialzuru/Summer2019/HuMaIN_Simulator/selfie/results/event_date_003/quality.csv -t "Average Quality" -a average -o /home/ialzuru/Summer2019/HuMaIN_Simulator/selfie/results/bar_quality.png
python3 ./post-processing/comparison_bar_graph.py -f /home/ialzuru/Summer2019/HuMaIN_Simulator/selfie/results/event_date_001/duration.csv -f /home/ialzuru/Summer2019/HuMaIN_Simulator/selfie/results/event_date_002/duration.csv -f /home/ialzuru/Summer2019/HuMaIN_Simulator/selfie/results/event_date_003/duration.csv -t "Total Duration (sec)" -a sum -o /home/ialzuru/Summer2019/HuMaIN_Simulator/selfie/results/bar_duration.png
python3 ./post-processing/comparison_table.py -f /home/ialzuru/Summer2019/HuMaIN_Simulator/selfie/results/event_date_001/quality.csv -f /home/ialzuru/Summer2019/HuMaIN_Simulator/selfie/results/event_date_002/quality.csv -f /home/ialzuru/Summer2019/HuMaIN_Simulator/selfie/results/event_date_003/quality.csv -t "Average Quality" -a average -o /home/ialzuru/Summer2019/HuMaIN_Simulator/selfie/results/table_quality.png
python3 ./post-processing/comparison_table.py -f /home/ialzuru/Summer2019/HuMaIN_Simulator/selfie/results/event_date_001/duration.csv -f /home/ialzuru/Summer2019/HuMaIN_Simulator/selfie/results/event_date_002/duration.csv -f /home/ialzuru/Summer2019/HuMaIN_Simulator/selfie/results/event_date_003/duration.csv -t "Total Duration (sec)" -a sum -o /home/ialzuru/Summer2019/HuMaIN_Simulator/selfie/results/table_duration.png

[POST-PROCESSING]
# box_whisker_plot 
# comparison_bar_graph
# comparison_table -f files -t title -a aggr -o output_file
