EMEC609515_Cerceris_compacta.txt	1932-07-17	1932-07-17	1932-07-17
EMEC609523_Cerceris_compacta.txt	1954-07-04	1954-07-04	1954-07-04
EMEC609529_Cerceris_compacta.txt	1953-06-28	1953-06-28	1953-06-28
EMEC609543_Cerceris_compacta.txt	1952-07-08	1952-07-08	1952-07-08
EMEC609600_Cerceris_compacta.txt	1978-09-04	1978-04-04	1978-09-04
EMEC609612_Cerceris_compacta.txt	1951-07-18/22	1951-07-18/22	1951-07-18/22
EMEC609623_Cerceris_compacta.txt	1951-07-18	1951-07-22	1951-07-18/22
EMEC609675_Cerceris_conifrons.txt	1950-08-06	1950-08-06	1950-08-06
EMEC609686_Cerceris_conifrons.txt	1977-08-26	1977-08-26	1977-08-26
EMEC609705_Cerceris_conifrons.txt	1966-06-28	1966-06-28	1966-06-28
EMEC609711_Cerceris_convergens.txt	1951-06-2/5	1951-05-02	1951-06-2/5
EMEC609719_Cerceris_convergens.txt	1925-01-00	1925-07	1925
EMEC609722_Cerceris_convergens.txt	1950-07-16	1950-07-16	1950-07-16
EMEC609740_Cerceris_convergens.txt	1952-04-26	1952-04-26	1952-04-26
EMEC609764_Cerceris_convergens.txt	1953-07-02	1953-07-02	1953-07-02
EMEC609785_Cerceris_convergens.txt	1961	1961	1959-08-08
EMEC609803_Cerceris_convergens.txt	1959-09-01	1959-09-01	1959-09-01
EMEC609826_Cerceris_convergens.txt	1957		1954-04-27
EMEC609828_Cerceris_convergens.txt	1956-05-03	1956-05-03	1956-05-03
EMEC609879_Cerceris_convergens.txt	1974-09-15	1974-09-15	1974-09-15
EMEC609880_Cerceris_convergens.txt	1978-09-04	1978-09-04	1978-09-04
EMEC609882_Cerceris_convergens.txt		1976-08-20	1976-08-20
EMEC609885_Cerceris_convergens.txt	1956-10-28	1956-10-28	1956-10-28
EMEC609900_Stigmus_sp.txt	1980-05-22	1980-05-22	1980-05-22
EMEC609903_Stigmus_sp.txt	1973-08-02	1973-08-02	1973-08-02
EMEC609926_Stigmus_sp.txt	1970-07-12	1970-07-12	1970
EMEC609987_Aphilanthops_foxi.txt	1952-06-29	1952-04-29	1952-04-29
EMEC609997_Aphilanthops_foxi.txt	1949-04-30	1949-04-30	1949-04-30
NY_00198993.txt	1931-03-12	1931-03-12	1931-03-12
NY_00754872.txt	1979-10-03	1979-10-03	1979-10-03
NY_01334326.txt	1904-08-24	1904-08-24	1904-08-24
NY_01498113.txt	1860 1864	1885-03-27	1885-03-27
NY_01498139.txt		1899	1899
TENN-L-0000058_lg.txt	1871	1871	1871
TENN-L-0000061_lg.txt	1959		1959
TENN-L-0000063_lg.txt			
